<?xml version="1.0" encoding="UTF-8"?><SLA Version="1.0"><TxList><Tx>cancel_flight</Tx><Tx>select_flight</Tx><Tx>vuser_end_Transaction</Tx><Tx>open_itinerary</Tx><Tx>login</Tx><Tx>UC_4_View_Itinerary</Tx><Tx>fill_payment_details</Tx><Tx>vuser_init_Transaction</Tx><Tx>UC_5_Cancel_Reservation</Tx><Tx>find_flights</Tx><Tx>UC_3_Buy_Ticket_And_View_Itinerary</Tx><Tx>fill_fields_about_flight</Tx><Tx>logout</Tx><Tx>UC_2_View_Flights</Tx><Tx>open_web_tours</Tx><Tx>UC_1_Buy_Ticket</Tx><Tx>Action_Transaction</Tx></TxList><SLARules><TrackingPeriodType>Default</TrackingPeriodType><TrackingPeriodValue></TrackingPeriodValue><TrackingPeriodTimeScale></TrackingPeriodTimeScale></SLARules></SLA>